TIME,GEO,NUTRIENT,UNIT,Value,Flag and Footnotes
2008,"European Union (EU6-1958, EU9-1973, EU10-1981, EU12-1986, EU15-1995, EU25-2004, EU27-2007, EU28-2013, EU27-2019)",Nitrogen,Tonne,10812110,e
2008,"European Union (EU6-1958, EU9-1973, EU10-1981, EU12-1986, EU15-1995, EU25-2004, EU27-2007, EU28-2013, EU27-2019)",Phosphorus,Tonne,1344578,e
2008,European Union - 28 countries,Nitrogen,Tonne,10982262,e
2008,European Union - 28 countries,Phosphorus,Tonne,1365869,e
2008,Belgium,Nitrogen,Tonne,134648,e
2008,Belgium,Phosphorus,Tonne,6400,e
2008,Bulgaria,Nitrogen,Tonne,173917,
2008,Bulgaria,Phosphorus,Tonne,13342,
2008,Czechia,Nitrogen,Tonne,341628,
2008,Czechia,Phosphorus,Tonne,24097,
2008,Denmark,Nitrogen,Tonne,220674,e
2008,Denmark,Phosphorus,Tonne,7000,e
2008,Germany (until 1990 former territory of the FRG),Nitrogen,Tonne,1807176,
2008,Germany (until 1990 former territory of the FRG),Phosphorus,Tonne,138274,
2008,Estonia,Nitrogen,Tonne,35455,
2008,Estonia,Phosphorus,Tonne,4187,
2008,Ireland,Nitrogen,Tonne,308960,
2008,Ireland,Phosphorus,Tonne,26350,
2008,Greece,Nitrogen,Tonne,201000,e
2008,Greece,Phosphorus,Tonne,28000,e
2008,Spain,Nitrogen,Tonne,739757,
2008,Spain,Phosphorus,Tonne,118576,
2008,France,Nitrogen,Tonne,2425221,
2008,France,Phosphorus,Tonne,282425,
2008,Croatia,Nitrogen,Tonne,170152,
2008,Croatia,Phosphorus,Tonne,21291,
2008,Italy,Nitrogen,Tonne,588956,
2008,Italy,Phosphorus,Tonne,228700,
2008,Cyprus,Nitrogen,Tonne,7499,e
2008,Cyprus,Phosphorus,Tonne,939,
2008,Latvia,Nitrogen,Tonne,47492,
2008,Latvia,Phosphorus,Tonne,6632,
2008,Lithuania,Nitrogen,Tonne,118300,e
2008,Lithuania,Phosphorus,Tonne,10000,e
2008,Luxembourg,Nitrogen,Tonne,13329,
2008,Luxembourg,Phosphorus,Tonne,665,
2008,Hungary,Nitrogen,Tonne,294309,
2008,Hungary,Phosphorus,Tonne,27431,
2008,Malta,Nitrogen,Tonne,407,
2008,Malta,Phosphorus,Tonne,53,
2008,Netherlands,Nitrogen,Tonne,220712,
2008,Netherlands,Phosphorus,Tonne,10791,
2008,Austria,Nitrogen,Tonne,108502,
2008,Austria,Phosphorus,Tonne,13808,
2008,Poland,Nitrogen,Tonne,1142273,
2008,Poland,Phosphorus,Tonne,193133,
2008,Portugal,Nitrogen,Tonne,105131,
2008,Portugal,Phosphorus,Tonne,17960,
2008,Romania,Nitrogen,Tonne,279886,
2008,Romania,Phosphorus,Tonne,44718,
2008,Slovenia,Nitrogen,Tonne,25039,
2008,Slovenia,Phosphorus,Tonne,5211,
2008,Slovakia,Nitrogen,Tonne,121435,r
2008,Slovakia,Phosphorus,Tonne,11201,r
2008,Finland,Nitrogen,Tonne,162905,
2008,Finland,Phosphorus,Tonne,16239,
2008,Sweden,Nitrogen,Tonne,186500,
2008,Sweden,Phosphorus,Tonne,14600,
2008,United Kingdom,Nitrogen,Tonne,1000999,
2008,United Kingdom,Phosphorus,Tonne,93846,
2008,Norway,Nitrogen,Tonne,101777,
2008,Norway,Phosphorus,Tonne,11492,
2008,Switzerland,Nitrogen,Tonne,50800,
2008,Switzerland,Phosphorus,Tonne,5108,
2008,Turkey,Nitrogen,Tonne,1133068,
2008,Turkey,Phosphorus,Tonne,143565,
2009,"European Union (EU6-1958, EU9-1973, EU10-1981, EU12-1986, EU15-1995, EU25-2004, EU27-2007, EU28-2013, EU27-2019)",Nitrogen,Tonne,9938744,e
2009,"European Union (EU6-1958, EU9-1973, EU10-1981, EU12-1986, EU15-1995, EU25-2004, EU27-2007, EU28-2013, EU27-2019)",Phosphorus,Tonne,992602,e
2009,European Union - 28 countries,Nitrogen,Tonne,10029537,e
2009,European Union - 28 countries,Phosphorus,Tonne,1001392,e
2009,Belgium,Nitrogen,Tonne,147412,e
2009,Belgium,Phosphorus,Tonne,4600,e
2009,Bulgaria,Nitrogen,Tonne,177553,
2009,Bulgaria,Phosphorus,Tonne,13387,
2009,Czechia,Nitrogen,Tonne,253759,
2009,Czechia,Phosphorus,Tonne,7585,
2009,Denmark,Nitrogen,Tonne,200412,e
2009,Denmark,Phosphorus,Tonne,11000,e
2009,Germany (until 1990 former territory of the FRG),Nitrogen,Tonne,1550625,
2009,Germany (until 1990 former territory of the FRG),Phosphorus,Tonne,76122,
2009,Estonia,Nitrogen,Tonne,27328,
2009,Estonia,Phosphorus,Tonne,2471,
2009,Ireland,Nitrogen,Tonne,306806,
2009,Ireland,Phosphorus,Tonne,20231,
2009,Greece,Nitrogen,Tonne,184789,
2009,Greece,Phosphorus,Tonne,24002,
2009,Spain,Nitrogen,Tonne,781069,
2009,Spain,Phosphorus,Tonne,115360,
2009,France,Nitrogen,Tonne,2098801,
2009,France,Phosphorus,Tonne,129142,
2009,Croatia,Nitrogen,Tonne,90793,
2009,Croatia,Phosphorus,Tonne,8790,
2009,Italy,Nitrogen,Tonne,587452,
2009,Italy,Phosphorus,Tonne,229743,
2009,Cyprus,Nitrogen,Tonne,7476,e
2009,Cyprus,Phosphorus,Tonne,2245,
2009,Latvia,Nitrogen,Tonne,51877,
2009,Latvia,Phosphorus,Tonne,5831,
2009,Lithuania,Nitrogen,Tonne,134400,e
2009,Lithuania,Phosphorus,Tonne,14000,e
2009,Luxembourg,Nitrogen,Tonne,13384,
2009,Luxembourg,Phosphorus,Tonne,590,
2009,Hungary,Nitrogen,Tonne,274944,
2009,Hungary,Phosphorus,Tonne,19232,
2009,Malta,Nitrogen,Tonne,440,
2009,Malta,Phosphorus,Tonne,3,
2009,Netherlands,Nitrogen,Tonne,211350,
2009,Netherlands,Phosphorus,Tonne,4043,
2009,Austria,Nitrogen,Tonne,89132,
2009,Austria,Phosphorus,Tonne,7256,
2009,Poland,Nitrogen,Tonne,1095441,
2009,Poland,Phosphorus,Tonne,163852,
2009,Portugal,Nitrogen,Tonne,97293,
2009,Portugal,Phosphorus,Tonne,11538,
2009,Romania,Nitrogen,Tonne,296055,
2009,Romania,Phosphorus,Tonne,43900,
2009,Slovenia,Nitrogen,Tonne,28202,
2009,Slovenia,Phosphorus,Tonne,3342,
2009,Slovakia,Nitrogen,Tonne,96334,r
2009,Slovakia,Phosphorus,Tonne,7936,r
2009,Finland,Nitrogen,Tonne,136009,
2009,Finland,Phosphorus,Tonne,10784,
2009,Sweden,Nitrogen,Tonne,142400,
2009,Sweden,Phosphorus,Tonne,8100,
2009,United Kingdom,Nitrogen,Tonne,948001,
2009,United Kingdom,Phosphorus,Tonne,56307,
2009,Norway,Nitrogen,Tonne,91179,
2009,Norway,Phosphorus,Tonne,8443,
2009,Switzerland,Nitrogen,Tonne,47900,
2009,Switzerland,Phosphorus,Tonne,3886,
2009,Turkey,Nitrogen,Tonne,1413793,
2009,Turkey,Phosphorus,Tonne,253706,
2010,"European Union (EU6-1958, EU9-1973, EU10-1981, EU12-1986, EU15-1995, EU25-2004, EU27-2007, EU28-2013, EU27-2019)",Nitrogen,Tonne,10292515,e
2010,"European Union (EU6-1958, EU9-1973, EU10-1981, EU12-1986, EU15-1995, EU25-2004, EU27-2007, EU28-2013, EU27-2019)",Phosphorus,Tonne,1174074,e
2010,European Union - 28 countries,Nitrogen,Tonne,10401860,e
2010,European Union - 28 countries,Phosphorus,Tonne,1189837,e
2010,Belgium,Nitrogen,Tonne,151341,e
2010,Belgium,Phosphorus,Tonne,5600,e
2010,Bulgaria,Nitrogen,Tonne,199083,
2010,Bulgaria,Phosphorus,Tonne,17043,
2010,Czechia,Nitrogen,Tonne,270256,
2010,Czechia,Phosphorus,Tonne,13654,
2010,Denmark,Nitrogen,Tonne,190072,e
2010,Denmark,Phosphorus,Tonne,10000,e
2010,Germany (until 1990 former territory of the FRG),Nitrogen,Tonne,1569045,
2010,Germany (until 1990 former territory of the FRG),Phosphorus,Tonne,102675,
2010,Estonia,Nitrogen,Tonne,28628,
2010,Estonia,Phosphorus,Tonne,2671,
2010,Ireland,Nitrogen,Tonne,337574,
2010,Ireland,Phosphorus,Tonne,28235,
2010,Greece,Nitrogen,Tonne,212948,
2010,Greece,Phosphorus,Tonne,30073,
2010,Spain,Nitrogen,Tonne,940984,
2010,Spain,Phosphorus,Tonne,147495,
2010,France,Nitrogen,Tonne,2080333,
2010,France,Phosphorus,Tonne,177025,
2010,Croatia,Nitrogen,Tonne,109345,
2010,Croatia,Phosphorus,Tonne,15763,
2010,Italy,Nitrogen,Tonne,586130,
2010,Italy,Phosphorus,Tonne,229716,
2010,Cyprus,Nitrogen,Tonne,9369,e
2010,Cyprus,Phosphorus,Tonne,2286,
2010,Latvia,Nitrogen,Tonne,59458,
2010,Latvia,Phosphorus,Tonne,6840,
2010,Lithuania,Nitrogen,Tonne,143200,e
2010,Lithuania,Phosphorus,Tonne,15000,e
2010,Luxembourg,Nitrogen,Tonne,13766,
2010,Luxembourg,Phosphorus,Tonne,515,
2010,Hungary,Nitrogen,Tonne,281428,
2010,Hungary,Phosphorus,Tonne,19976,
2010,Malta,Nitrogen,Tonne,552,
2010,Malta,Phosphorus,Tonne,31,
2010,Netherlands,Nitrogen,Tonne,205211,
2010,Netherlands,Phosphorus,Tonne,12513,
2010,Austria,Nitrogen,Tonne,104762,
2010,Austria,Phosphorus,Tonne,12527,
2010,Poland,Nitrogen,Tonne,1027430,
2010,Poland,Phosphorus,Tonne,154183,
2010,Portugal,Nitrogen,Tonne,100249,
2010,Portugal,Phosphorus,Tonne,18090,
2010,Romania,Nitrogen,Tonne,305757,
2010,Romania,Phosphorus,Tonne,53849,
2010,Slovenia,Nitrogen,Tonne,27486,
2010,Slovenia,Phosphorus,Tonne,4323,
2010,Slovakia,Nitrogen,Tonne,106513,r
2010,Slovakia,Phosphorus,Tonne,7041,r
2010,Finland,Nitrogen,Tonne,156523,
2010,Finland,Phosphorus,Tonne,12599,
2010,Sweden,Nitrogen,Tonne,168000,
2010,Sweden,Phosphorus,Tonne,9800,
2010,United Kingdom,Nitrogen,Tonne,1016417,
2010,United Kingdom,Phosphorus,Tonne,80314,
2010,Norway,Nitrogen,Tonne,84131,
2010,Norway,Phosphorus,Tonne,7818,
2010,Switzerland,Nitrogen,Tonne,55500,
2010,Switzerland,Phosphorus,Tonne,4672,
2010,Turkey,Nitrogen,Tonne,1343698,
2010,Turkey,Phosphorus,Tonne,224875,
2011,"European Union (EU6-1958, EU9-1973, EU10-1981, EU12-1986, EU15-1995, EU25-2004, EU27-2007, EU28-2013, EU27-2019)",Nitrogen,Tonne,10760715,e
2011,"European Union (EU6-1958, EU9-1973, EU10-1981, EU12-1986, EU15-1995, EU25-2004, EU27-2007, EU28-2013, EU27-2019)",Phosphorus,Tonne,1259319,e
2011,European Union - 28 countries,Nitrogen,Tonne,10885730,e
2011,European Union - 28 countries,Phosphorus,Tonne,1273347,e
2011,Belgium,Nitrogen,Tonne,143774,
2011,Belgium,Phosphorus,Tonne,4493,e
2011,Bulgaria,Nitrogen,Tonne,192357,
2011,Bulgaria,Phosphorus,Tonne,12902,
2011,Czechia,Nitrogen,Tonne,352745,
2011,Czechia,Phosphorus,Tonne,17304,
2011,Denmark,Nitrogen,Tonne,197162,e
2011,Denmark,Phosphorus,Tonne,10000,e
2011,Germany (until 1990 former territory of the FRG),Nitrogen,Tonne,1786485,
2011,Germany (until 1990 former territory of the FRG),Phosphorus,Tonne,125025,
2011,Estonia,Nitrogen,Tonne,29803,
2011,Estonia,Phosphorus,Tonne,2680,
2011,Ireland,Nitrogen,Tonne,295795,
2011,Ireland,Phosphorus,Tonne,28107,
2011,Greece,Nitrogen,Tonne,181394,
2011,Greece,Phosphorus,Tonne,25048,
2011,Spain,Nitrogen,Tonne,846697,
2011,Spain,Phosphorus,Tonne,158350,
2011,France,Nitrogen,Tonne,2332390,
2011,France,Phosphorus,Tonne,218428,
2011,Croatia,Nitrogen,Tonne,125015,
2011,Croatia,Phosphorus,Tonne,14028,
2011,Italy,Nitrogen,Tonne,584973,
2011,Italy,Phosphorus,Tonne,229700,
2011,Cyprus,Nitrogen,Tonne,7138,e
2011,Cyprus,Phosphorus,Tonne,1207,
2011,Latvia,Nitrogen,Tonne,59803,
2011,Latvia,Phosphorus,Tonne,7640,
2011,Lithuania,Nitrogen,Tonne,147000,e
2011,Lithuania,Phosphorus,Tonne,16000,e
2011,Luxembourg,Nitrogen,Tonne,14446,
2011,Luxembourg,Phosphorus,Tonne,516,
2011,Hungary,Nitrogen,Tonne,301825,
2011,Hungary,Phosphorus,Tonne,22113,
2011,Malta,Nitrogen,Tonne,471,
2011,Malta,Phosphorus,Tonne,57,
2011,Netherlands,Nitrogen,Tonne,200420,
2011,Netherlands,Phosphorus,Tonne,6081,
2011,Austria,Nitrogen,Tonne,98161,
2011,Austria,Phosphorus,Tonne,9947,
2011,Poland,Nitrogen,Tonne,1091065,
2011,Poland,Phosphorus,Tonne,178318,
2011,Portugal,Nitrogen,Tonne,97718,
2011,Portugal,Phosphorus,Tonne,12908,
2011,Romania,Nitrogen,Tonne,313333,
2011,Romania,Phosphorus,Tonne,55123,
2011,Slovenia,Nitrogen,Tonne,27134,
2011,Slovenia,Phosphorus,Tonne,3935,
2011,Slovakia,Nitrogen,Tonne,120555,r
2011,Slovakia,Phosphorus,Tonne,8569,r
2011,Finland,Nitrogen,Tonne,146189,
2011,Finland,Phosphorus,Tonne,11046,
2011,Sweden,Nitrogen,Tonne,169800,
2011,Sweden,Phosphorus,Tonne,10300,
2011,United Kingdom,Nitrogen,Tonne,1022082,
2011,United Kingdom,Phosphorus,Tonne,83522,
2011,Norway,Nitrogen,Tonne,95548,
2011,Norway,Phosphorus,Tonne,8757,
2011,Switzerland,Nitrogen,Tonne,48900,
2011,Switzerland,Phosphorus,Tonne,4585,
2011,Turkey,Nitrogen,Tonne,1259352,
2011,Turkey,Phosphorus,Tonne,214008,
2012,"European Union (EU6-1958, EU9-1973, EU10-1981, EU12-1986, EU15-1995, EU25-2004, EU27-2007, EU28-2013, EU27-2019)",Nitrogen,Tonne,10277765,e
2012,"European Union (EU6-1958, EU9-1973, EU10-1981, EU12-1986, EU15-1995, EU25-2004, EU27-2007, EU28-2013, EU27-2019)",Phosphorus,Tonne,1212564,e
2012,European Union - 28 countries,Nitrogen,Tonne,10384649,e
2012,European Union - 28 countries,Phosphorus,Tonne,1226894,e
2012,Belgium,Nitrogen,Tonne,143089,
2012,Belgium,Phosphorus,Tonne,4472,e
2012,Bulgaria,Nitrogen,Tonne,235386,
2012,Bulgaria,Phosphorus,Tonne,20798,
2012,Czechia,Nitrogen,Tonne,349008,
2012,Czechia,Phosphorus,Tonne,18713,
2012,Denmark,Nitrogen,Tonne,187000,
2012,Denmark,Phosphorus,Tonne,12800,
2012,Germany (until 1990 former territory of the FRG),Nitrogen,Tonne,1640414,
2012,Germany (until 1990 former territory of the FRG),Phosphorus,Tonne,107880,
2012,Estonia,Nitrogen,Tonne,32978,
2012,Estonia,Phosphorus,Tonne,2955,
2012,Ireland,Nitrogen,Tonne,296536,
2012,Ireland,Phosphorus,Tonne,27421,
2012,Greece,Nitrogen,Tonne,175445,
2012,Greece,Phosphorus,Tonne,21734,
2012,Spain,Nitrogen,Tonne,843410,
2012,Spain,Phosphorus,Tonne,164427,
2012,France,Nitrogen,Tonne,2024929,
2012,France,Phosphorus,Tonne,189633,
2012,Croatia,Nitrogen,Tonne,106884,
2012,Croatia,Phosphorus,Tonne,14330,
2012,Italy,Nitrogen,Tonne,583849,
2012,Italy,Phosphorus,Tonne,229735,
2012,Cyprus,Nitrogen,Tonne,8319,e
2012,Cyprus,Phosphorus,Tonne,2143,
2012,Latvia,Nitrogen,Tonne,65204,
2012,Latvia,Phosphorus,Tonne,8648,
2012,Lithuania,Nitrogen,Tonne,150000,e
2012,Lithuania,Phosphorus,Tonne,17000,e
2012,Luxembourg,Nitrogen,Tonne,13675,
2012,Luxembourg,Phosphorus,Tonne,517,
2012,Hungary,Nitrogen,Tonne,312940,
2012,Hungary,Phosphorus,Tonne,25735,
2012,Malta,Nitrogen,Tonne,548,
2012,Malta,Phosphorus,Tonne,28,
2012,Netherlands,Nitrogen,Tonne,199520,
2012,Netherlands,Phosphorus,Tonne,4611,
2012,Austria,Nitrogen,Tonne,107895,
2012,Austria,Phosphorus,Tonne,12301,
2012,Poland,Nitrogen,Tonne,1094673,
2012,Poland,Phosphorus,Tonne,161883,
2012,Portugal,Nitrogen,Tonne,108484,
2012,Portugal,Phosphorus,Tonne,14477,
2012,Romania,Nitrogen,Tonne,289963,
2012,Romania,Phosphorus,Tonne,49353,
2012,Slovenia,Nitrogen,Tonne,26300,
2012,Slovenia,Phosphorus,Tonne,3882,
2012,Slovakia,Nitrogen,Tonne,101004,
2012,Slovakia,Phosphorus,Tonne,8369,
2012,Finland,Nitrogen,Tonne,138900,
2012,Finland,Phosphorus,Tonne,10600,
2012,Sweden,Nitrogen,Tonne,148100,
2012,Sweden,Phosphorus,Tonne,10400,
2012,United Kingdom,Nitrogen,Tonne,1000196,
2012,United Kingdom,Phosphorus,Tonne,82050,
2012,Norway,Nitrogen,Tonne,94242,
2012,Norway,Phosphorus,Tonne,8350,
2012,Switzerland,Nitrogen,Tonne,47200,
2012,Switzerland,Phosphorus,Tonne,4803,
2012,Turkey,Nitrogen,Tonne,1431946,
2012,Turkey,Phosphorus,Tonne,232347,
2013,"European Union (EU6-1958, EU9-1973, EU10-1981, EU12-1986, EU15-1995, EU25-2004, EU27-2007, EU28-2013, EU27-2019)",Nitrogen,Tonne,10922348,e
2013,"European Union (EU6-1958, EU9-1973, EU10-1981, EU12-1986, EU15-1995, EU25-2004, EU27-2007, EU28-2013, EU27-2019)",Phosphorus,Tonne,1318864,e
2013,European Union - 28 countries,Nitrogen,Tonne,10922348,e
2013,European Union - 28 countries,Phosphorus,Tonne,1318864,e
2013,Belgium,Nitrogen,Tonne,149834,
2013,Belgium,Phosphorus,Tonne,4682,e
2013,Bulgaria,Nitrogen,Tonne,258856,
2013,Bulgaria,Phosphorus,Tonne,11656,
2013,Czechia,Nitrogen,Tonne,331616,
2013,Czechia,Phosphorus,Tonne,18201,
2013,Denmark,Nitrogen,Tonne,193600,
2013,Denmark,Phosphorus,Tonne,12300,
2013,Germany (until 1990 former territory of the FRG),Nitrogen,Tonne,1648828,
2013,Germany (until 1990 former territory of the FRG),Phosphorus,Tonne,124073,
2013,Estonia,Nitrogen,Tonne,33659,
2013,Estonia,Phosphorus,Tonne,3129,
2013,Ireland,Nitrogen,Tonne,353044,
2013,Ireland,Phosphorus,Tonne,36986,
2013,Greece,Nitrogen,Tonne,182634,
2013,Greece,Phosphorus,Tonne,25896,
2013,Spain,Nitrogen,Tonne,961507,
2013,Spain,Phosphorus,Tonne,189014,
2013,France,Nitrogen,Tonne,2143821,
2013,France,Phosphorus,Tonne,217184,
2013,Croatia,Nitrogen,Tonne,77920,
2013,Croatia,Phosphorus,Tonne,12518,
2013,Italy,Nitrogen,Tonne,582362,
2013,Italy,Phosphorus,Tonne,224632,
2013,Cyprus,Nitrogen,Tonne,7051,e
2013,Cyprus,Phosphorus,Tonne,1945,
2013,Latvia,Nitrogen,Tonne,69696,
2013,Latvia,Phosphorus,Tonne,10670,
2013,Lithuania,Nitrogen,Tonne,155000,e
2013,Lithuania,Phosphorus,Tonne,18165,e
2013,Luxembourg,Nitrogen,Tonne,13366,
2013,Luxembourg,Phosphorus,Tonne,515,
2013,Hungary,Nitrogen,Tonne,342949,
2013,Hungary,Phosphorus,Tonne,33247,
2013,Malta,Nitrogen,Tonne,571,
2013,Malta,Phosphorus,Tonne,31,
2013,Netherlands,Nitrogen,Tonne,216026,
2013,Netherlands,Phosphorus,Tonne,3984,
2013,Austria,Nitrogen,Tonne,110626,
2013,Austria,Phosphorus,Tonne,14234,
2013,Poland,Nitrogen,Tonne,1194757,
2013,Poland,Phosphorus,Tonne,168295,
2013,Portugal,Nitrogen,Tonne,111077,
2013,Portugal,Phosphorus,Tonne,17289,
2013,Romania,Nitrogen,Tonne,344468,
2013,Romania,Phosphorus,Tonne,49697,
2013,Slovenia,Nitrogen,Tonne,27263,
2013,Slovenia,Phosphorus,Tonne,3886,
2013,Slovakia,Nitrogen,Tonne,113581,
2013,Slovakia,Phosphorus,Tonne,8959,
2013,Finland,Nitrogen,Tonne,138136,
2013,Finland,Phosphorus,Tonne,11184,
2013,Sweden,Nitrogen,Tonne,161100,
2013,Sweden,Phosphorus,Tonne,11800,
2013,United Kingdom,Nitrogen,Tonne,999000,
2013,United Kingdom,Phosphorus,Tonne,84692,
2013,Norway,Nitrogen,Tonne,95523,
2013,Norway,Phosphorus,Tonne,8455,
2013,Switzerland,Nitrogen,Tonne,45700,
2013,Switzerland,Phosphorus,Tonne,4323,
2013,Turkey,Nitrogen,Tonne,1584237,
2013,Turkey,Phosphorus,Tonne,271906,
2014,"European Union (EU6-1958, EU9-1973, EU10-1981, EU12-1986, EU15-1995, EU25-2004, EU27-2007, EU28-2013, EU27-2019)",Nitrogen,Tonne,11127189,e
2014,"European Union (EU6-1958, EU9-1973, EU10-1981, EU12-1986, EU15-1995, EU25-2004, EU27-2007, EU28-2013, EU27-2019)",Phosphorus,Tonne,1313589,e
2014,European Union - 28 countries,Nitrogen,Tonne,11127189,e
2014,European Union - 28 countries,Phosphorus,Tonne,1313589,e
2014,Belgium,Nitrogen,Tonne,152003,
2014,Belgium,Phosphorus,Tonne,4750,e
2014,Bulgaria,Nitrogen,Tonne,322004,
2014,Bulgaria,Phosphorus,Tonne,28144,
2014,Czechia,Nitrogen,Tonne,325667,
2014,Czechia,Phosphorus,Tonne,20070,
2014,Denmark,Nitrogen,Tonne,186800,
2014,Denmark,Phosphorus,Tonne,14000,
2014,Germany (until 1990 former territory of the FRG),Nitrogen,Tonne,1675289,
2014,Germany (until 1990 former territory of the FRG),Phosphorus,Tonne,123999,
2014,Estonia,Nitrogen,Tonne,35806,
2014,Estonia,Phosphorus,Tonne,3775,
2014,Ireland,Nitrogen,Tonne,331782,
2014,Ireland,Phosphorus,Tonne,35584,
2014,Greece,Nitrogen,Tonne,165942,
2014,Greece,Phosphorus,Tonne,24024,
2014,Spain,Nitrogen,Tonne,1101895,
2014,Spain,Phosphorus,Tonne,174028,
2014,France,Nitrogen,Tonne,2190930,
2014,France,Phosphorus,Tonne,206798,
2014,Croatia,Nitrogen,Tonne,73680,
2014,Croatia,Phosphorus,Tonne,16875,
2014,Italy,Nitrogen,Tonne,581063,
2014,Italy,Phosphorus,Tonne,228455,
2014,Cyprus,Nitrogen,Tonne,6693,e
2014,Cyprus,Phosphorus,Tonne,1728,
2014,Latvia,Nitrogen,Tonne,72935,
2014,Latvia,Phosphorus,Tonne,10204,
2014,Lithuania,Nitrogen,Tonne,162000,e
2014,Lithuania,Phosphorus,Tonne,19419,e
2014,Luxembourg,Nitrogen,Tonne,12714,
2014,Luxembourg,Phosphorus,Tonne,515,
2014,Hungary,Nitrogen,Tonne,326753,
2014,Hungary,Phosphorus,Tonne,35987,
2014,Malta,Nitrogen,Tonne,594,
2014,Malta,Phosphorus,Tonne,28,
2014,Netherlands,Nitrogen,Tonne,213200,
2014,Netherlands,Phosphorus,Tonne,5869,
2014,Austria,Nitrogen,Tonne,121562,
2014,Austria,Phosphorus,Tonne,14110,
2014,Poland,Nitrogen,Tonne,1098455,
2014,Poland,Phosphorus,Tonne,148917,
2014,Portugal,Nitrogen,Tonne,129991,
2014,Portugal,Phosphorus,Tonne,18456,
2014,Romania,Nitrogen,Tonne,303562,
2014,Romania,Phosphorus,Tonne,51772,
2014,Slovenia,Nitrogen,Tonne,28612,
2014,Slovenia,Phosphorus,Tonne,3991,
2014,Slovakia,Nitrogen,Tonne,119036,
2014,Slovakia,Phosphorus,Tonne,9918,
2014,Finland,Nitrogen,Tonne,147373,
2014,Finland,Phosphorus,Tonne,11845,
2014,Sweden,Nitrogen,Tonne,181100,
2014,Sweden,Phosphorus,Tonne,12100,
2014,United Kingdom,Nitrogen,Tonne,1059748,
2014,United Kingdom,Phosphorus,Tonne,88228,
2014,Norway,Nitrogen,Tonne,101307,
2014,Norway,Phosphorus,Tonne,8405,
2014,Switzerland,Nitrogen,Tonne,51600,
2014,Switzerland,Phosphorus,Tonne,4192,
2014,Turkey,Nitrogen,Tonne,1492839,
2014,Turkey,Phosphorus,Tonne,248965,
2015,"European Union (EU6-1958, EU9-1973, EU10-1981, EU12-1986, EU15-1995, EU25-2004, EU27-2007, EU28-2013, EU27-2019)",Nitrogen,Tonne,11392321,e
2015,"European Union (EU6-1958, EU9-1973, EU10-1981, EU12-1986, EU15-1995, EU25-2004, EU27-2007, EU28-2013, EU27-2019)",Phosphorus,Tonne,1286081,e
2015,European Union - 28 countries,Nitrogen,Tonne,11392321,e
2015,European Union - 28 countries,Phosphorus,Tonne,1286081,e
2015,Belgium,Nitrogen,Tonne,154092,
2015,Belgium,Phosphorus,Tonne,4815,e
2015,Bulgaria,Nitrogen,Tonne,341608,
2015,Bulgaria,Phosphorus,Tonne,27573,
2015,Czechia,Nitrogen,Tonne,397136,
2015,Czechia,Phosphorus,Tonne,21221,
2015,Denmark,Nitrogen,Tonne,205300,
2015,Denmark,Phosphorus,Tonne,13800,
2015,Germany (until 1990 former territory of the FRG),Nitrogen,Tonne,1822791,
2015,Germany (until 1990 former territory of the FRG),Phosphorus,Tonne,131503,
2015,Estonia,Nitrogen,Tonne,36276,
2015,Estonia,Phosphorus,Tonne,3522,
2015,Ireland,Nitrogen,Tonne,330959,
2015,Ireland,Phosphorus,Tonne,36551,
2015,Greece,Nitrogen,Tonne,164334,
2015,Greece,Phosphorus,Tonne,21962,
2015,Spain,Nitrogen,Tonne,1068103,
2015,Spain,Phosphorus,Tonne,179784,
2015,France,Nitrogen,Tonne,2208168,
2015,France,Phosphorus,Tonne,187054,
2015,Croatia,Nitrogen,Tonne,87428,
2015,Croatia,Phosphorus,Tonne,12899,
2015,Italy,Nitrogen,Tonne,579728,
2015,Italy,Phosphorus,Tonne,226757,
2015,Cyprus,Nitrogen,Tonne,7533,e
2015,Cyprus,Phosphorus,Tonne,2122,
2015,Latvia,Nitrogen,Tonne,75820,
2015,Latvia,Phosphorus,Tonne,10633,
2015,Lithuania,Nitrogen,Tonne,166611,e
2015,Lithuania,Phosphorus,Tonne,19799,e
2015,Luxembourg,Nitrogen,Tonne,13007,
2015,Luxembourg,Phosphorus,Tonne,516,
2015,Hungary,Nitrogen,Tonne,358421,
2015,Hungary,Phosphorus,Tonne,35530,
2015,Malta,Nitrogen,Tonne,618,
2015,Malta,Phosphorus,Tonne,38,
2015,Netherlands,Nitrogen,Tonne,244893,
2015,Netherlands,Phosphorus,Tonne,3736,
2015,Austria,Nitrogen,Tonne,125323,
2015,Austria,Phosphorus,Tonne,13058,
2015,Poland,Nitrogen,Tonne,1003597,
2015,Poland,Phosphorus,Tonne,132544,
2015,Portugal,Nitrogen,Tonne,117906,
2015,Portugal,Phosphorus,Tonne,20159,
2015,Romania,Nitrogen,Tonne,357352,
2015,Romania,Phosphorus,Tonne,57921,
2015,Slovenia,Nitrogen,Tonne,28319,
2015,Slovenia,Phosphorus,Tonne,4120,
2015,Slovakia,Nitrogen,Tonne,114773,
2015,Slovakia,Phosphorus,Tonne,9426,
2015,Finland,Nitrogen,Tonne,143479,
2015,Finland,Phosphorus,Tonne,10983,
2015,Sweden,Nitrogen,Tonne,190200,
2015,Sweden,Phosphorus,Tonne,12500,
2015,United Kingdom,Nitrogen,Tonne,1048546,
2015,United Kingdom,Phosphorus,Tonne,85555,
2015,Norway,Nitrogen,Tonne,102613,
2015,Norway,Phosphorus,Tonne,9276,
2015,Switzerland,Nitrogen,Tonne,45800,
2015,Switzerland,Phosphorus,Tonne,4235,
2015,Turkey,Nitrogen,Tonne,1486568,
2015,Turkey,Phosphorus,Tonne,255234,
2016,"European Union (EU6-1958, EU9-1973, EU10-1981, EU12-1986, EU15-1995, EU25-2004, EU27-2007, EU28-2013, EU27-2019)",Nitrogen,Tonne,11222419,e
2016,"European Union (EU6-1958, EU9-1973, EU10-1981, EU12-1986, EU15-1995, EU25-2004, EU27-2007, EU28-2013, EU27-2019)",Phosphorus,Tonne,1310252,e
2016,European Union - 28 countries,Nitrogen,Tonne,11222419,e
2016,European Union - 28 countries,Phosphorus,Tonne,1310252,e
2016,Belgium,Nitrogen,Tonne,156031,
2016,Belgium,Phosphorus,Tonne,4876,e
2016,Bulgaria,Nitrogen,Tonne,365913,
2016,Bulgaria,Phosphorus,Tonne,36050,
2016,Czechia,Nitrogen,Tonne,407184,
2016,Czechia,Phosphorus,Tonne,20716,
2016,Denmark,Nitrogen,Tonne,197200,
2016,Denmark,Phosphorus,Tonne,13800,
2016,Germany (until 1990 former territory of the FRG),Nitrogen,Tonne,1710616,
2016,Germany (until 1990 former territory of the FRG),Phosphorus,Tonne,125643,
2016,Estonia,Nitrogen,Tonne,36390,
2016,Estonia,Phosphorus,Tonne,3444,
2016,Ireland,Nitrogen,Tonne,339104,
2016,Ireland,Phosphorus,Tonne,37074,
2016,Greece,Nitrogen,Tonne,185019,
2016,Greece,Phosphorus,Tonne,22515,
2016,Spain,Nitrogen,Tonne,982155,
2016,Spain,Phosphorus,Tonne,181186,
2016,France,Nitrogen,Tonne,2221231,
2016,France,Phosphorus,Tonne,191677,
2016,Croatia,Nitrogen,Tonne,72320,
2016,Croatia,Phosphorus,Tonne,5781,
2016,Italy,Nitrogen,Tonne,578438,
2016,Italy,Phosphorus,Tonne,228226,
2016,Cyprus,Nitrogen,Tonne,8073,e
2016,Cyprus,Phosphorus,Tonne,2349,
2016,Latvia,Nitrogen,Tonne,78285,
2016,Latvia,Phosphorus,Tonne,11111,
2016,Lithuania,Nitrogen,Tonne,160237,
2016,Lithuania,Phosphorus,Tonne,22217,
2016,Luxembourg,Nitrogen,Tonne,13731,
2016,Luxembourg,Phosphorus,Tonne,491,
2016,Hungary,Nitrogen,Tonne,366034,
2016,Hungary,Phosphorus,Tonne,40017,
2016,Malta,Nitrogen,Tonne,568,
2016,Malta,Phosphorus,Tonne,56,
2016,Netherlands,Nitrogen,Tonne,215525,
2016,Netherlands,Phosphorus,Tonne,5211,
2016,Austria,Nitrogen,Tonne,132031,
2016,Austria,Phosphorus,Tonne,15451,
2016,Poland,Nitrogen,Tonne,1043004,
2016,Poland,Phosphorus,Tonne,142281,
2016,Portugal,Nitrogen,Tonne,105460,
2016,Portugal,Phosphorus,Tonne,21458,
2016,Romania,Nitrogen,Tonne,344311,
2016,Romania,Phosphorus,Tonne,55097,
2016,Slovenia,Nitrogen,Tonne,27095,
2016,Slovenia,Phosphorus,Tonne,4000,
2016,Slovakia,Nitrogen,Tonne,126236,
2016,Slovakia,Phosphorus,Tonne,10608,
2016,Finland,Nitrogen,Tonne,138128,
2016,Finland,Phosphorus,Tonne,9828,
2016,Sweden,Nitrogen,Tonne,186100,
2016,Sweden,Phosphorus,Tonne,13100,
2016,United Kingdom,Nitrogen,Tonne,1026000,
2016,United Kingdom,Phosphorus,Tonne,85989,
2016,Norway,Nitrogen,Tonne,100886,
2016,Norway,Phosphorus,Tonne,9097,
2016,Switzerland,Nitrogen,Tonne,48500,
2016,Switzerland,Phosphorus,Tonne,4279,
2016,Turkey,Nitrogen,Tonne,1896479,
2016,Turkey,Phosphorus,Tonne,346017,
2017,"European Union (EU6-1958, EU9-1973, EU10-1981, EU12-1986, EU15-1995, EU25-2004, EU27-2007, EU28-2013, EU27-2019)",Nitrogen,Tonne,11588236,e
2017,"European Union (EU6-1958, EU9-1973, EU10-1981, EU12-1986, EU15-1995, EU25-2004, EU27-2007, EU28-2013, EU27-2019)",Phosphorus,Tonne,1343870,e
2017,European Union - 28 countries,Nitrogen,Tonne,11588236,e
2017,European Union - 28 countries,Phosphorus,Tonne,1343870,e
2017,Belgium,Nitrogen,Tonne,156031,e
2017,Belgium,Phosphorus,Tonne,4876,e
2017,Bulgaria,Nitrogen,Tonne,351120,
2017,Bulgaria,Phosphorus,Tonne,29562,
2017,Czechia,Nitrogen,Tonne,397586,
2017,Czechia,Phosphorus,Tonne,24159,
2017,Denmark,Nitrogen,Tonne,252900,
2017,Denmark,Phosphorus,Tonne,20800,
2017,Germany (until 1990 former territory of the FRG),Nitrogen,Tonne,1658837,
2017,Germany (until 1990 former territory of the FRG),Phosphorus,Tonne,100894,
2017,Estonia,Nitrogen,Tonne,37333,
2017,Estonia,Phosphorus,Tonne,4063,
2017,Ireland,Nitrogen,Tonne,369089,
2017,Ireland,Phosphorus,Tonne,41893,
2017,Greece,Nitrogen,Tonne,192167,
2017,Greece,Phosphorus,Tonne,28172,
2017,Spain,Nitrogen,Tonne,1072125,
2017,Spain,Phosphorus,Tonne,190414,
2017,France,Nitrogen,Tonne,2248277,
2017,France,Phosphorus,Tonne,187931,
2017,Croatia,Nitrogen,Tonne,98412,
2017,Croatia,Phosphorus,Tonne,14891,
2017,Italy,Nitrogen,Tonne,577234,
2017,Italy,Phosphorus,Tonne,229657,
2017,Cyprus,Nitrogen,Tonne,8073,e
2017,Cyprus,Phosphorus,Tonne,2349,e
2017,Latvia,Nitrogen,Tonne,77441,
2017,Latvia,Phosphorus,Tonne,11300,
2017,Lithuania,Nitrogen,Tonne,167149,
2017,Lithuania,Phosphorus,Tonne,23473,
2017,Luxembourg,Nitrogen,Tonne,13575,
2017,Luxembourg,Phosphorus,Tonne,510,
2017,Hungary,Nitrogen,Tonne,415013,
2017,Hungary,Phosphorus,Tonne,49427,
2017,Malta,Nitrogen,Tonne,568,e
2017,Malta,Phosphorus,Tonne,56,e
2017,Netherlands,Nitrogen,Tonne,222902,
2017,Netherlands,Phosphorus,Tonne,4674,
2017,Austria,Nitrogen,Tonne,111884,
2017,Austria,Phosphorus,Tonne,11789,
2017,Poland,Nitrogen,Tonne,1150601,
2017,Poland,Phosphorus,Tonne,149950,
2017,Portugal,Nitrogen,Tonne,101504,
2017,Portugal,Phosphorus,Tonne,22479,
2017,Romania,Nitrogen,Tonne,381342,
2017,Romania,Phosphorus,Tonne,63253,
2017,Slovenia,Nitrogen,Tonne,27084,
2017,Slovenia,Phosphorus,Tonne,3988,
2017,Slovakia,Nitrogen,Tonne,122541,
2017,Slovakia,Phosphorus,Tonne,10133,
2017,Finland,Nitrogen,Tonne,138948,
2017,Finland,Phosphorus,Tonne,12252,
2017,Sweden,Nitrogen,Tonne,198500,
2017,Sweden,Phosphorus,Tonne,14500,
2017,United Kingdom,Nitrogen,Tonne,1040000,
2017,United Kingdom,Phosphorus,Tonne,86425,
2017,Norway,Nitrogen,Tonne,99318,
2017,Norway,Phosphorus,Tonne,8683,
2017,Switzerland,Nitrogen,Tonne,51600,
2017,Switzerland,Phosphorus,Tonne,4279,
2017,Turkey,Nitrogen,Tonne,1764638,
2017,Turkey,Phosphorus,Tonne,329539,
